n,ids,freq
2,"(292, 267)",18367070
2,"(960, 352)",17658475
2,"(939, 972)",17609058
2,"(939, 976)",16218686
2,"(962, 290)",14590762
2,"(983, 946)",14123494
2,"(291, 267)",12963976
2,"(976, 970)",11515162
2,"(970, 970)",10189019
2,"(946, 962)",9661296
2,"(946, 960)",9555775
2,"(988, 946)",9143853
2,"(287, 267)",7837307
2,"(962, 939)",7670380
2,"(962, 267)",7665666
2,"(285, 287)",7202050
2,"(960, 309)",7104813
2,"(960, 317)",6907991
2,"(960, 313)",6675196
2,"(960, 939)",6426230
2,"(325, 267)",6215643
2,"(970, 972)",6095198
2,"(946, 290)",5901199
2,"(280, 287)",5795509
2,"(267, 268)",5588843
2,"(939, 994)",5538589
2,"(267, 274)",5372506
2,"(962, 495)",5298622
2,"(280, 267)",5294647
2,"(946, 292)",5274992
2,"(267, 282)",5228923
2,"(276, 962)",5212524
2,"(983, 941)",5082376
2,"(960, 564)",5010379
2,"(972, 970)",4987572
2,"(321, 267)",4940589
2,"(287, 326)",4909265
2,"(960, 348)",4892467
2,"(276, 960)",4875123
2,"(972, 1000)",4810936
2,"(290, 267)",4712661
2,"(267, 288)",4537794
2,"(267, 277)",4506077
2,"(960, 337)",4441431
2,"(323, 261)",4392271
2,"(267, 939)",4281688
2,"(946, 287)",4166229
2,"(960, 412)",4160670
2,"(285, 291)",4088548
2,"(960, 486)",4017712
2,"(261, 304)",4004800
2,"(267, 281)",3939243
2,"(285, 437)",3894464
2,"(962, 309)",3848407
2,"(280, 962)",3847681
2,"(345, 267)",3838871
2,"(960, 349)",3791689
2,"(939, 998)",3738711
2,"(957, 962)",3731797
2,"(960, 617)",3714514
2,"(383, 267)",3687815
2,"(280, 261)",3655079
2,"(960, 362)",3557911
2,"(960, 1)",3555440
2,"(939, 995)",3548082
2,"(280, 960)",3516164
2,"(285, 960)",3462563
2,"(267, 304)",3459140
2,"(291, 261)",3410703
2,"(960, 344)",3321105
2,"(960, 579)",3318636
2,"(988, 941)",3303165
2,"(424, 267)",3257067
2,"(957, 960)",3168717
2,"(960, 302)",3162922
2,"(962, 261)",3153733
2,"(292, 261)",3118411
2,"(946, 291)",3113667
2,"(960, 319)",3070692
2,"(960, 395)",3056637
2,"(261, 268)",3050605
2,"(345, 261)",2938162
2,"(960, 625)",2914760
2,"(261, 282)",2907538
2,"(285, 267)",2896926
2,"(434, 326)",2837378
2,"(962, 353)",2835569
2,"(972, 976)",2791807
2,"(261, 281)",2772270
2,"(266, 962)",2769692
2,"(298, 336)",2765398
2,"(285, 962)",2754278
2,"(960, 361)",2751563
2,"(962, 318)",2750778
2,"(261, 274)",2740490
2,"(960, 502)",2729561
2,"(960, 363)",2701358
2,"(276, 290)",2688370
2,"(962, 596)",2668736
2,"(293, 322)",2660786
2,"(291, 939)",2617021
2,"(323, 267)",2608795
2,"(960, 403)",2605084
2,"(321, 261)",2594639
2,"(942, 962)",2589403
2,"(267, 310)",2577099
2,"(261, 288)",2570026
2,"(280, 290)",2564014
2,"(939, 1003)",2540578
2,"(366, 261)",2533095
2,"(945, 983)",2513588
2,"(960, 387)",2510813
2,"(454, 350)",2495742
2,"(300, 630)",2484631
2,"(348, 340)",2481249
2,"(230, 132)",2472876
2,"(267, 314)",2465151
2,"(292, 939)",2457256
2,"(991, 962)",2429409
2,"(276, 292)",2428281
2,"(960, 746)",2427498
2,"(946, 267)",2418232
2,"(297, 315)",2413931
2,"(972, 972)",2412380
2,"(346, 267)",2407320
2,"(267, 293)",2406754
2,"(437, 267)",2385497
2,"(632, 430)",2363654
2,"(266, 960)",2363192
2,"(939, 230)",2352959
2,"(261, 277)",2352131
2,"(279, 266)",2332899
2,"(826, 482)",2330510
2,"(960, 397)",2320287
2,"(972, 995)",2319472
2,"(946, 261)",2318802
2,"(326, 280)",2317952
2,"(405, 959)",2303387
2,"(326, 815)",2299341
2,"(300, 638)",2291114
2,"(280, 291)",2289676
2,"(480, 276)",2285251
2,"(960, 708)",2282549
2,"(962, 386)",2276396
2,"(328, 266)",2275404
2,"(318, 432)",2274160
2,"(290, 939)",2269499
2,"(282, 448)",2265879
2,"(353, 323)",2258980
2,"(282, 827)",2257081
2,"(287, 939)",2256929
2,"(962, 373)",2251256
2,"(944, 303)",2247410
2,"(946, 370)",2242655
2,"(952, 491)",2225431
2,"(995, 970)",2222984
2,"(287, 261)",2221040
2,"(288, 584)",2210585
2,"(972, 1002)",2208944
2,"(616, 951)",2203207
2,"(311, 414)",2202344
2,"(994, 970)",2196973
2,"(274, 444)",2196573
2,"(584, 315)",2191492
2,"(458, 401)",2191223
2,"(267, 341)",2191111
2,"(268, 343)",2189807
2,"(953, 940)",2185973
2,"(290, 261)",2184529
2,"(342, 292)",2177018
2,"(962, 282)",2171728
2,"(960, 477)",2171024
2,"(314, 279)",2170397
2,"(282, 329)",2168602
2,"(962, 337)",2157480
2,"(286, 963)",2150779
2,"(939, 1008)",2146085
2,"(291, 468)",2141914
2,"(267, 260)",2134860
2,"(304, 768)",2131803
2,"(284, 963)",2120968
2,"(942, 974)",2109376
2,"(961, 280)",2104195
2,"(264, 308)",2103416
2,"(268, 336)",2102822
2,"(958, 324)",2098963
2,"(352, 264)",2093717
2,"(320, 962)",2090059
2,"(285, 345)",2088800
2,"(432, 326)",2081283
2,"(286, 940)",2078626
2,"(310, 272)",2073983
2,"(561, 536)",2071481
2,"(956, 771)",2064812
2,"(945, 955)",2063920
2,"(426, 862)",2063253
2,"(715, 330)",2050555
2,"(288, 285)",2050015
2,"(276, 287)",2046190
2,"(939, 364)",2044495
2,"(987, 939)",2043828
2,"(962, 268)",2043186
2,"(362, 328)",2040048
2,"(290, 282)",2030619
2,"(442, 285)",2026567
2,"(280, 321)",2024819
2,"(285, 261)",2024032
2,"(268, 921)",2020586
2,"(960, 704)",2017951
2,"(283, 954)",2015595
2,"(262, 946)",2012200
2,"(368, 593)",2008896
2,"(949, 285)",2006973
2,"(951, 285)",2006752
2,"(939, 1002)",2004351
2,"(356, 962)",2002105
2,"(274, 264)",1994310
2,"(350, 945)",1991503
2,"(954, 279)",1988990
2,"(288, 411)",1987803
2,"(288, 466)",1986875
2,"(942, 960)",1986713
2,"(262, 351)",1985759
2,"(271, 389)",1983708
2,"(942, 305)",1975884
2,"(454, 959)",1975458
2,"(940, 272)",1971744
2,"(533, 292)",1971049
2,"(456, 276)",1969266
2,"(289, 945)",1965293
2,"(944, 315)",1965246
2,"(945, 382)",1964837
2,"(626, 941)",1964470
2,"(951, 276)",1963154
2,"(271, 350)",1959347
2,"(307, 946)",1959085
2,"(311, 491)",1957986
2,"(953, 946)",1956949
2,"(954, 947)",1956055
2,"(721, 316)",1956027
2,"(290, 268)",1956002
2,"(314, 947)",1951987
2,"(946, 946)",1950650
2,"(341, 947)",1949586
2,"(273, 371)",1948020
2,"(342, 960)",1945644
2,"(267, 298)",1945040
2,"(957, 290)",1944485
2,"(273, 945)",1942315
2,"(942, 993)",1942315
2,"(289, 953)",1941387
2,"(352, 957)",1939373
2,"(310, 560)",1938389
2,"(279, 940)",1938024
2,"(467, 276)",1937927
2,"(449, 335)",1937721
2,"(563, 692)",1937692
2,"(482, 726)",1937501
2,"(312, 421)",1935387
2,"(282, 563)",1934235
2,"(413, 278)",1932302
2,"(293, 315)",1931456
2,"(363, 947)",1922984
2,"(566, 280)",1921900
2,"(261, 730)",1921476
2,"(952, 955)",1920774
2,"(268, 297)",1919698
2,"(291, 372)",1919214
2,"(287, 282)",1917669
2,"(972, 994)",1917282
2,"(962, 366)",1915423
2,"(454, 738)",1913327
2,"(336, 276)",1911509
2,"(947, 295)",1910894
2,"(267, 311)",1910152
2,"(553, 316)",1909640
2,"(351, 498)",1901374
2,"(262, 276)",1900892
2,"(286, 409)",1897451
2,"(309, 983)",1896093
2,"(261, 958)",1891890
2,"(944, 266)",1890940
2,"(940, 962)",1890635
2,"(949, 436)",1890439
2,"(942, 952)",1888252
2,"(387, 940)",1887588
2,"(435, 289)",1886388
2,"(300, 650)",1885365
2,"(313, 943)",1884896
2,"(962, 1012)",1881884
2,"(311, 941)",1881447
2,"(274, 601)",1880737
2,"(405, 961)",1880571
2,"(412, 945)",1880449
2,"(940, 960)",1880337
2,"(950, 266)",1880267
2,"(277, 934)",1879149
2,"(274, 378)",1878811
2,"(946, 346)",1878103
2,"(961, 722)",1876864
2,"(705, 322)",1874945
2,"(356, 960)",1874204
2,"(311, 286)",1873463
2,"(315, 946)",1863074
2,"(960, 836)",1862008
2,"(435, 628)",1860836
2,"(959, 940)",1860576
2,"(321, 953)",1856773
2,"(299, 286)",1851676
2,"(264, 335)",1850937
2,"(274, 494)",1849788
2,"(527, 940)",1849769
2,"(946, 321)",1849371
2,"(749, 279)",1847478
2,"(341, 355)",1845519
2,"(290, 274)",1844986
2,"(532, 330)",1844338
2,"(488, 294)",1843423
2,"(972, 998)",1843102
2,"(557, 334)",1842899
2,"(274, 343)",1840620
2,"(342, 962)",1837002
2,"(317, 947)",1835526
2,"(472, 276)",1833801
2,"(944, 667)",1833207
2,"(317, 950)",1833064
2,"(448, 303)",1828807
2,"(268, 550)",1826616
2,"(955, 955)",1823984
2,"(462, 954)",1822460
2,"(267, 269)",1821048
2,"(954, 294)",1818621
2,"(960, 576)",1818231
2,"(972, 1003)",1814591
2,"(961, 285)",1813564
2,"(408, 954)",1810416
2,"(268, 963)",1806620
2,"(340, 299)",1803923
2,"(296, 948)",1802485
2,"(419, 297)",1801775
2,"(699, 358)",1801364
2,"(962, 291)",1799947
2,"(299, 292)",1798580
2,"(939, 1000)",1798436
2,"(957, 292)",1796852
2,"(287, 268)",1796589
2,"(939, 285)",1795308
2,"(946, 939)",1791803
2,"(268, 324)",1787986
2,"(281, 483)",1785999
2,"(970, 960)",1781755
2,"(954, 946)",1780681
2,"(289, 946)",1780249
2,"(287, 311)",1778145
2,"(952, 951)",1777620
2,"(268, 526)",1776005
2,"(271, 942)",1774785
2,"(358, 409)",1773255
2,"(942, 948)",1771516
2,"(310, 296)",1769283
2,"(277, 637)",1767687
2,"(943, 962)",1767598
2,"(261, 340)",1767449
2,"(268, 266)",1767001
2,"(287, 274)",1765772
2,"(288, 315)",1763829
2,"(282, 824)",1763667
2,"(281, 774)",1762198
2,"(274, 294)",1761768
2,"(752, 749)",1758790
2,"(261, 939)",1756765
2,"(267, 312)",1756405
2,"(685, 294)",1752804
2,"(310, 289)",1751600
2,"(310, 961)",1747766
2,"(746, 318)",1746526
2,"(960, 400)",1745995
2,"(340, 940)",1736559
2,"(276, 291)",1729809
2,"(983, 264)",1729551
2,"(452, 531)",1728222
2,"(403, 945)",1726731
2,"(290, 288)",1722233
2,"(940, 956)",1714929
2,"(267, 319)",1712575
2,"(334, 946)",1711578
2,"(958, 575)",1711008
2,"(640, 295)",1710532
2,"(277, 555)",1708391
2,"(940, 338)",1708158
2,"(281, 943)",1707408
2,"(266, 280)",1706553
2,"(311, 954)",1704874
2,"(557, 958)",1703979
2,"(962, 274)",1703625
2,"(299, 960)",1699419
2,"(304, 327)",1697374
2,"(963, 280)",1694117
2,"(953, 284)",1692160
2,"(271, 410)",1689709
2,"(545, 631)",1689109
2,"(972, 960)",1686561
2,"(329, 340)",1685975
2,"(960, 379)",1684601
2,"(418, 358)",1684528
2,"(367, 715)",1682934
2,"(951, 949)",1682273
2,"(962, 313)",1680348
2,"(532, 350)",1679659
2,"(951, 943)",1679362
2,"(330, 946)",1678950
2,"(944, 334)",1678830
2,"(972, 1008)",1676359
2,"(267, 313)",1674839
2,"(960, 999)",1673120
2,"(422, 261)",1672210
2,"(290, 277)",1670948
2,"(377, 380)",1670092
2,"(314, 949)",1667639
2,"(285, 290)",1666820
2,"(288, 271)",1666177
2,"(367, 956)",1666155
2,"(957, 287)",1664997
2,"(275, 286)",1663641
2,"(367, 861)",1662958
2,"(466, 957)",1662780
2,"(338, 962)",1662312
2,"(300, 555)",1661241
2,"(282, 343)",1660579
2,"(704, 271)",1658473
2,"(474, 615)",1657836
2,"(527, 285)",1655199
2,"(280, 325)",1654598
2,"(498, 299)",1652513
2,"(304, 594)",1651805
2,"(354, 868)",1648562
2,"(940, 974)",1648090
2,"(313, 263)",1647654
2,"(353, 983)",1642615
2,"(302, 943)",1637641
2,"(300, 607)",1633471
2,"(408, 941)",1632702
2,"(955, 266)",1631272
2,"(946, 867)",1630627
2,"(411, 528)",1630072
2,"(266, 287)",1626817
2,"(304, 404)",1626017
2,"(484, 961)",1624748
2,"(277, 358)",1622868
2,"(386, 950)",1622179
2,"(970, 962)",1620903
2,"(1000, 1000)",1620478
2,"(287, 954)",1617835
2,"(282, 453)",1615300
2,"(285, 321)",1613345
2,"(944, 473)",1611884
2,"(968, 941)",1611307
2,"(290, 309)",1610957
2,"(315, 957)",1609078
2,"(330, 276)",1608006
2,"(415, 946)",1604285
2,"(377, 272)",1603754
2,"(945, 988)",1602787
2,"(341, 381)",1599799
2,"(949, 382)",1598688
2,"(304, 289)",1598535
2,"(404, 946)",1597004
2,"(293, 334)",1596342
2,"(334, 950)",1594863
2,"(293, 553)",1594151
2,"(274, 419)",1589976
2,"(452, 284)",1588427
2,"(943, 335)",1587089
2,"(267, 367)",1585473
2,"(287, 600)",1585410
2,"(304, 685)",1584296
2,"(941, 279)",1584112
2,"(289, 376)",1583951
2,"(907, 429)",1579576
2,"(941, 265)",1578875
2,"(961, 276)",1577690
2,"(326, 949)",1575795
2,"(741, 287)",1575611
2,"(340, 948)",1574033
2,"(959, 356)",1573292
2,"(336, 954)",1573227
2,"(282, 328)",1572458
2,"(366, 267)",1572354
2,"(277, 537)",1570805
2,"(289, 320)",1567872
2,"(955, 262)",1566835
2,"(293, 271)",1566834
2,"(271, 941)",1566562
2,"(266, 286)",1563843
2,"(810, 585)",1563570
2,"(270, 945)",1563513
2,"(274, 270)",1563509
2,"(317, 640)",1562081
2,"(662, 318)",1558534
2,"(302, 940)",1557582
2,"(877, 957)",1556078
2,"(278, 299)",1553431
2,"(962, 319)",1553347
2,"(943, 327)",1552650
2,"(427, 944)",1552270
2,"(366, 747)",1551842
2,"(315, 820)",1551187
2,"(294, 941)",1550757
2,"(317, 565)",1550638
2,"(962, 354)",1550196
2,"(282, 271)",1549240
2,"(421, 528)",1548834
2,"(429, 280)",1547797
2,"(327, 941)",1545287
2,"(266, 945)",1544739
2,"(285, 325)",1544259
2,"(508, 501)",1543633
2,"(132, 156)",1541543
2,"(906, 508)",1539320
2,"(468, 264)",1539303
2,"(318, 983)",1537486
2,"(962, 288)",1537026
2,"(970, 976)",1536480
2,"(338, 945)",1535224
2,"(294, 287)",1535176
2,"(325, 261)",1532262
2,"(960, 744)",1531327
2,"(976, 960)",1530093
2,"(960, 799)",1529873
2,"(349, 783)",1529836
2,"(951, 405)",1529377
2,"(283, 959)",1527924
2,"(353, 960)",1527693
2,"(449, 289)",1527257
2,"(399, 948)",1527140
2,"(943, 948)",1525577
2,"(268, 262)",1524319
2,"(260, 405)",1522722
2,"(292, 274)",1522418
2,"(293, 838)",1521277
2,"(571, 307)",1520707
2,"(311, 631)",1518569
2,"(385, 940)",1515287
2,"(261, 293)",1512709
2,"(333, 946)",1512561
2,"(314, 456)",1512555
2,"(267, 458)",1510630
2,"(260, 957)",1510204
2,"(282, 847)",1508742
2,"(311, 956)",1507827
2,"(289, 955)",1507800
2,"(939, 1018)",1506820
2,"(949, 280)",1505431
2,"(413, 289)",1505125
2,"(277, 301)",1504992
2,"(442, 280)",1504076
2,"(295, 491)",1503883
2,"(268, 329)",1503557
2,"(613, 295)",1502666
2,"(299, 962)",1501766
2,"(274, 947)",1501054
2,"(962, 345)",1501022
2,"(290, 293)",1499700
2,"(968, 959)",1497932
2,"(422, 615)",1497348
2,"(409, 292)",1495851
2,"(344, 949)",1495512
2,"(943, 974)",1495165
2,"(265, 962)",1493941
2,"(322, 266)",1493649
2,"(581, 572)",1492001
2,"(968, 946)",1489538
2,"(959, 340)",1485295
2,"(955, 957)",1485075
2,"(426, 956)",1483347
2,"(262, 280)",1482585
2,"(294, 962)",1481627
2,"(949, 943)",1481574
2,"(267, 695)",1480613
2,"(463, 328)",1479917
2,"(318, 370)",1479380
2,"(348, 949)",1479272
2,"(382, 299)",1477980
2,"(268, 949)",1477243
2,"(274, 942)",1476344
2,"(311, 351)",1475956
2,"(647, 287)",1475751
2,"(287, 698)",1474889
2,"(403, 974)",1474794
2,"(313, 951)",1474622
2,"(268, 898)",1471976
2,"(317, 941)",1470450
2,"(542, 262)",1469419
2,"(430, 941)",1469274
2,"(943, 338)",1468716
2,"(944, 414)",1467420
2,"(941, 941)",1467412
2,"(482, 660)",1466294
2,"(962, 517)",1466162
2,"(283, 498)",1466143
2,"(947, 278)",1465995
2,"(262, 285)",1464710
2,"(384, 951)",1464385
2,"(292, 288)",1463216
2,"(288, 419)",1462730
2,"(951, 265)",1462671
2,"(456, 280)",1458979
2,"(313, 954)",1458772
2,"(944, 963)",1458503
2,"(752, 372)",1458151
2,"(941, 295)",1457604
2,"(323, 946)",1457391
2,"(581, 954)",1456481
2,"(287, 277)",1456314
2,"(322, 276)",1455192
2,"(279, 371)",1454426
2,"(280, 292)",1453363
2,"(488, 803)",1451967
2,"(282, 340)",1451824
2,"(345, 365)",1451303
2,"(413, 286)",1449059
2,"(968, 972)",1448599
2,"(288, 430)",1447903
2,"(293, 404)",1446348
2,"(278, 953)",1442341
2,"(309, 946)",1441862
2,"(818, 444)",1441103
2,"(951, 266)",1440498
2,"(343, 286)",1440269
2,"(274, 303)",1439113
2,"(260, 286)",1438230
2,"(357, 958)",1438176
2,"(710, 280)",1436240
2,"(954, 438)",1434997
2,"(314, 526)",1434903
2,"(951, 303)",1434535
2,"(392, 441)",1431914
2,"(587, 388)",1431399
2,"(343, 350)",1431173
2,"(408, 951)",1430162
2,"(631, 415)",1429541
2,"(311, 308)",1428227
2,"(942, 473)",1425714
2,"(282, 405)",1424485
2,"(323, 446)",1424242
2,"(281, 332)",1423969
2,"(364, 272)",1423103
2,"(278, 703)",1420413
2,"(740, 628)",1417721
2,"(268, 427)",1412975
2,"(269, 671)",1412489
2,"(976, 995)",1411969
2,"(308, 436)",1411407
2,"(360, 936)",1410311
2,"(282, 324)",1410022
2,"(386, 910)",1409135
2,"(282, 583)",1408716
2,"(396, 757)",1408141
2,"(310, 956)",1408061
2,"(384, 956)",1407527
2,"(302, 947)",1404598
2,"(314, 462)",1401610
2,"(260, 499)",1401381
2,"(284, 945)",1399260
2,"(271, 343)",1398177
2,"(267, 317)",1396537
2,"(269, 297)",1395946
2,"(341, 436)",1395616
2,"(316, 270)",1394684
2,"(890, 953)",1394508
2,"(288, 439)",1394156
2,"(949, 944)",1394029
2,"(962, 277)",1393950
2,"(538, 643)",1391602
2,"(913, 777)",1390534
2,"(956, 382)",1389468
2,"(378, 946)",1387700
2,"(780, 829)",1387134
2,"(268, 286)",1386952
2,"(314, 327)",1386175
2,"(364, 262)",1385908
2,"(939, 970)",1384590
2,"(267, 739)",1383779
2,"(315, 948)",1383345
2,"(968, 951)",1383247
2,"(261, 314)",1382347
2,"(354, 335)",1380280
2,"(309, 988)",1380036
2,"(939, 459)",1379403
2,"(281, 264)",1379379
2,"(450, 943)",1378566
2,"(947, 404)",1377563
2,"(952, 624)",1376780
2,"(309, 420)",1376106
2,"(876, 983)",1375937
2,"(320, 960)",1372872
2,"(274, 273)",1370946
2,"(353, 420)",1370435
2,"(477, 271)",1369801
2,"(288, 942)",1369736
2,"(267, 337)",1368753
2,"(264, 279)",1368687
2,"(326, 261)",1367158
2,"(960, 450)",1366313
2,"(267, 348)",1365370
2,"(287, 480)",1363249
2,"(960, 758)",1361448
2,"(293, 405)",1361064
2,"(946, 325)",1360684
2,"(307, 954)",1357527
2,"(292, 282)",1356142
2,"(430, 308)",1355990
2,"(939, 944)",1355088
2,"(963, 285)",1354715
2,"(449, 941)",1348991
2,"(309, 272)",1348918
2,"(269, 262)",1348043
2,"(503, 957)",1348035
2,"(943, 963)",1347611
2,"(367, 781)",1347510
2,"(343, 726)",1347459
2,"(396, 338)",1347373
2,"(381, 320)",1345580
2,"(549, 264)",1345130
2,"(269, 947)",1344814
2,"(298, 445)",1344369
2,"(324, 962)",1342671
2,"(295, 284)",1342244
2,"(289, 944)",1341952
2,"(787, 430)",1340837
2,"(958, 494)",1339658
2,"(268, 410)",1339514
2,"(557, 271)",1339447
2,"(577, 947)",1338749
2,"(285, 346)",1336941
2,"(288, 652)",1336512
2,"(949, 441)",1335258
2,"(335, 957)",1334370
2,"(972, 962)",1334353
2,"(420, 261)",1333982
2,"(261, 341)",1332929
2,"(303, 320)",1331481
2,"(962, 970)",1331327
2,"(288, 333)",1329586
2,"(950, 946)",1327553
2,"(436, 946)",1327117
2,"(832, 963)",1326492
2,"(422, 287)",1325846
2,"(956, 266)",1325794
2,"(270, 953)",1324605
2,"(858, 606)",1324075
2,"(316, 946)",1322647
2,"(655, 316)",1322178
2,"(349, 339)",1320711
2,"(650, 941)",1320582
2,"(322, 285)",1320074
2,"(628, 660)",1319955
2,"(366, 963)",1319511
2,"(962, 293)",1319451
2,"(962, 317)",1318679
2,"(367, 890)",1317992
2,"(947, 520)",1316659
2,"(947, 381)",1312988
2,"(942, 990)",1312018
2,"(590, 599)",1310925
2,"(953, 285)",1309737
2,"(267, 283)",1309478
2,"(261, 298)",1307242
2,"(939, 1020)",1307210
2,"(276, 267)",1307015
2,"(303, 461)",1306921
2,"(953, 960)",1306526
2,"(395, 939)",1306391
2,"(325, 882)",1305769
2,"(941, 263)",1305065
2,"(943, 445)",1304783
2,"(940, 473)",1303160
2,"(261, 260)",1302471
2,"(318, 422)",1302051
2,"(955, 388)",1299489
2,"(293, 944)",1297753
2,"(344, 948)",1297519
2,"(291, 956)",1295222
2,"(307, 949)",1292997
2,"(587, 286)",1292515
2,"(408, 538)",1292280
2,"(287, 293)",1292017
2,"(714, 476)",1291736
2,"(266, 290)",1290868
2,"(311, 961)",1290779
2,"(943, 960)",1290728
2,"(346, 318)",1290576
2,"(266, 957)",1290483
2,"(391, 960)",1290232
2,"(281, 307)",1289976
2,"(280, 268)",1288094
2,"(264, 330)",1287903
2,"(304, 456)",1287516
2,"(297, 279)",1285797
2,"(941, 285)",1285549
2,"(946, 265)",1285022
2,"(267, 413)",1284854
2,"(449, 609)",1284495
2,"(700, 294)",1284202
2,"(962, 344)",1283401
2,"(283, 401)",1283310
2,"(355, 299)",1283116
2,"(319, 329)",1280567
2,"(274, 453)",1280368
2,"(962, 310)",1279933
2,"(350, 366)",1277658
2,"(946, 345)",1277617
2,"(414, 940)",1277469
2,"(327, 946)",1276794
2,"(294, 960)",1275333
2,"(680, 267)",1273850
2,"(564, 323)",1273805
2,"(309, 422)",1272496
2,"(304, 328)",1270619
2,"(516, 382)",1270442
2,"(267, 344)",1268531
2,"(852, 388)",1268017
2,"(962, 348)",1267785
2,"(955, 949)",1267496
2,"(962, 287)",1266908
2,"(290, 304)",1265297
2,"(455, 294)",1265292
2,"(518, 583)",1265190
2,"(998, 970)",1264871
2,"(942, 340)",1262051
2,"(554, 266)",1260098
2,"(272, 285)",1258793
2,"(468, 272)",1258506
2,"(667, 409)",1258217
2,"(293, 575)",1257736
2,"(279, 955)",1256069
2,"(314, 417)",1254813
2,"(328, 946)",1251723
2,"(946, 948)",1251312
2,"(490, 292)",1251242
2,"(314, 776)",1250708
2,"(656, 951)",1250622
2,"(274, 296)",1250421
2,"(983, 305)",1249748
2,"(496, 315)",1248544
2,"(280, 345)",1247799
2,"(976, 972)",1247275
2,"(319, 265)",1245747
2,"(939, 1022)",1243588
2,"(277, 874)",1241035
2,"(528, 939)",1240323
2,"(939, 305)",1239891
2,"(411, 959)",1238227
2,"(939, 988)",1237857
2,"(278, 275)",1237826
2,"(463, 267)",1236264
2,"(412, 947)",1233477
2,"(980, 979)",1233002
2,"(272, 280)",1232397
2,"(947, 286)",1232383
2,"(260, 336)",1232339
2,"(994, 960)",1231036
2,"(945, 951)",1230868
2,"(315, 280)",1229965
2,"(957, 954)",1229898
2,"(269, 289)",1228978
2,"(277, 289)",1228916
2,"(944, 608)",1228833
2,"(282, 438)",1228289
2,"(274, 787)",1228221
2,"(404, 947)",1227694
2,"(267, 886)",1226682
2,"(292, 268)",1225988
2,"(280, 282)",1225094
2,"(304, 382)",1224550
2,"(962, 999)",1224063
2,"(290, 311)",1224042
2,"(294, 468)",1223519
2,"(445, 946)",1223211
2,"(304, 794)",1220650
2,"(264, 941)",1219619
2,"(941, 943)",1218274
2,"(444, 285)",1217537
2,"(539, 267)",1216108
2,"(939, 960)",1215579
2,"(364, 954)",1215574
2,"(328, 940)",1215528
2,"(261, 312)",1215072
2,"(267, 261)",1214488
2,"(268, 275)",1214050
2,"(409, 960)",1213881
2,"(310, 949)",1213721
2,"(261, 557)",1213636
2,"(660, 351)",1213616
2,"(959, 947)",1212556
2,"(944, 338)",1211703
2,"(958, 865)",1211352
2,"(260, 388)",1211066
2,"(427, 461)",1210775
2,"(705, 459)",1210751
2,"(957, 953)",1210256
2,"(947, 297)",1209717
2,"(962, 281)",1209627
2,"(944, 270)",1209551
2,"(962, 556)",1207547
2,"(296, 276)",1206814
2,"(391, 292)",1204645
2,"(262, 286)",1203257
2,"(356, 290)",1202563
2,"(280, 274)",1200380
2,"(542, 307)",1200227
2,"(940, 951)",1197581
2,"(968, 956)",1197297
2,"(263, 264)",1197086
2,"(335, 280)",1196660
2,"(528, 292)",1191784
2,"(292, 277)",1190399
2,"(345, 262)",1188740
2,"(287, 260)",1188734
2,"(378, 371)",1188317
2,"(261, 311)",1187826
2,"(343, 946)",1187260
2,"(456, 322)",1187186
2,"(294, 289)",1186881
2,"(264, 953)",1186190
2,"(552, 941)",1185557
2,"(955, 285)",1185008
2,"(945, 285)",1183665
2,"(814, 308)",1182371
2,"(311, 371)",1182142
2,"(280, 939)",1181872
2,"(778, 957)",1181234
2,"(304, 942)",1181122
2,"(431, 962)",1181090
2,"(281, 364)",1180360
2,"(365, 948)",1180250
2,"(406, 940)",1179796
2,"(287, 288)",1178600
2,"(956, 262)",1176348
2,"(409, 962)",1176224
2,"(295, 942)",1175473
2,"(586, 295)",1173964
2,"(827, 286)",1171237
2,"(296, 957)",1171087
2,"(383, 939)",1170407
2,"(329, 949)",1168984
2,"(276, 261)",1168825
2,"(329, 295)",1168313
2,"(261, 269)",1167631
2,"(267, 435)",1167436
2,"(941, 430)",1167110
2,"(945, 877)",1166377
2,"(364, 769)",1165983
2,"(347, 950)",1165513
2,"(397, 943)",1165494
2,"(327, 940)",1165408
2,"(943, 270)",1164811
2,"(260, 467)",1163808
2,"(343, 954)",1162273
2,"(271, 946)",1162044
2,"(714, 745)",1161646
2,"(367, 485)",1160687
2,"(398, 411)",1160328
2,"(968, 954)",1160138
2,"(507, 664)",1158896
2,"(260, 784)",1157478
2,"(944, 421)",1155918
2,"(421, 954)",1155673
2,"(284, 962)",1155360
2,"(304, 439)",1155177
2,"(337, 289)",1154528
2,"(267, 478)",1153112
2,"(939, 388)",1152252
2,"(449, 955)",1151750
2,"(962, 529)",1151449
2,"(298, 421)",1148773
2,"(658, 382)",1146448
2,"(414, 944)",1146008
2,"(454, 380)",1142339
2,"(292, 425)",1142130
2,"(956, 947)",1141153
2,"(506, 955)",1141034
2,"(283, 485)",1140764
2,"(282, 406)",1139896
2,"(947, 265)",1139385
2,"(566, 338)",1139049
2,"(441, 305)",1138961
2,"(947, 322)",1138573
2,"(265, 297)",1138154
2,"(947, 960)",1137840
2,"(651, 297)",1137212
2,"(393, 320)",1136121
2,"(292, 402)",1135918
2,"(617, 323)",1135584
2,"(281, 466)",1134014
2,"(466, 940)",1133756
2,"(965, 960)",1133456
2,"(613, 292)",1133344
2,"(656, 792)",1132622
2,"(411, 946)",1132251
3,"(939, 976, 970)",8908993
3,"(976, 970, 972)",5156181
3,"(939, 972, 1000)",3385305
3,"(976, 970, 970)",3163146
3,"(939, 972, 970)",2914528
3,"(962, 939, 976)",2607067
3,"(945, 983, 941)",2442714
3,"(960, 348, 340)",2051838
3,"(939, 230, 132)",2021928
3,"(970, 970, 970)",1966454
3,"(268, 297, 315)",1875116
3,"(826, 482, 726)",1854344
3,"(752, 749, 279)",1758302
3,"(288, 584, 315)",1744585
3,"(960, 352, 957)",1702568
3,"(367, 715, 330)",1682442
3,"(960, 352, 264)",1646397
3,"(353, 983, 946)",1606051
3,"(314, 279, 266)",1578672
3,"(304, 685, 294)",1576720
3,"(532, 350, 945)",1558028
3,"(945, 988, 941)",1548877
3,"(317, 640, 295)",1547979
3,"(297, 315, 820)",1544825
3,"(230, 132, 156)",1541508
3,"(307, 946, 946)",1538575
3,"(283, 954, 279)",1531343
3,"(274, 419, 297)",1526107
3,"(267, 268, 526)",1521922
3,"(468, 264, 308)",1508975
3,"(291, 468, 264)",1440781
3,"(357, 958, 575)",1436629
3,"(962, 939, 972)",1429937
3,"(944, 334, 950)",1415120
3,"(906, 508, 501)",1411117
3,"(310, 956, 771)",1402261
3,"(314, 462, 954)",1395358
3,"(545, 631, 415)",1379593
3,"(876, 983, 941)",1373216
3,"(293, 553, 316)",1345850
3,"(293, 271, 942)",1345054
3,"(312, 421, 528)",1338712
3,"(268, 262, 351)",1336485
3,"(960, 362, 328)",1332384
3,"(939, 972, 976)",1327227
3,"(367, 890, 953)",1317806
3,"(960, 746, 318)",1298317
3,"(282, 563, 692)",1283034
3,"(282, 328, 266)",1277738
3,"(960, 313, 943)",1268122
3,"(962, 970, 970)",1256003
3,"(454, 350, 366)",1247950
3,"(944, 667, 409)",1246414
3,"(940, 338, 962)",1243717
3,"(455, 294, 287)",1233618
3,"(632, 430, 308)",1230981
3,"(960, 939, 972)",1211389
3,"(946, 960, 352)",1197969
3,"(268, 336, 954)",1197576
3,"(326, 949, 441)",1196708
3,"(267, 458, 401)",1190895
3,"(386, 950, 266)",1188234
3,"(566, 280, 287)",1188103
3,"(939, 972, 1002)",1187648
3,"(960, 313, 263)",1163699
3,"(350, 945, 877)",1160814
3,"(405, 959, 340)",1160228
3,"(274, 343, 726)",1157159
3,"(261, 304, 327)",1156810
3,"(533, 292, 267)",1149141
3,"(960, 349, 783)",1128964
3,"(261, 958, 324)",1107988
3,"(566, 338, 945)",1107164
3,"(435, 628, 660)",1106013
3,"(261, 557, 958)",1105439
3,"(972, 970, 970)",1104250
3,"(338, 945, 391)",1103425
3,"(946, 962, 290)",1101421
3,"(939, 972, 995)",1100145
3,"(962, 290, 267)",1096502
3,"(939, 994, 970)",1092295
3,"(291, 939, 976)",1088013
3,"(960, 564, 323)",1082286
3,"(282, 448, 303)",1080347
3,"(482, 660, 351)",1075382
3,"(939, 972, 972)",1073379
3,"(366, 747, 366)",1072668
3,"(288, 503, 957)",1067343
3,"(814, 308, 436)",1057764
3,"(960, 412, 945)",1054599
3,"(411, 959, 356)",1054534
3,"(577, 947, 404)",1052496
3,"(956, 382, 299)",1051491
3,"(274, 378, 371)",1046468
3,"(552, 941, 301)",1046266
3,"(972, 1000, 1000)",1041255
3,"(367, 956, 382)",1039938
3,"(944, 315, 957)",1039730
3,"(960, 477, 271)",1033258
3,"(727, 538, 643)",1033136
3,"(304, 289, 376)",1030703
3,"(292, 941, 279)",1017690
3,"(454, 516, 382)",1016343
3,"(413, 278, 275)",1006945
3,"(282, 827, 286)",1006273
3,"(279, 940, 956)",1004579
3,"(287, 823, 389)",1001093
3,"(449, 289, 945)",998584
3,"(377, 961, 280)",998398
3,"(260, 336, 276)",997203
3,"(798, 944, 667)",996654
3,"(942, 952, 464)",996185
3,"(960, 939, 976)",988814
3,"(564, 983, 946)",984481
3,"(281, 279, 940)",984337
3,"(291, 939, 972)",982235
3,"(488, 294, 468)",981103
3,"(951, 265, 297)",977500
3,"(456, 322, 711)",975633
3,"(699, 358, 409)",964868
3,"(506, 990, 643)",961763
3,"(285, 291, 267)",960402
3,"(293, 322, 945)",960152
3,"(309, 983, 953)",958050
3,"(753, 456, 322)",957996
3,"(281, 466, 957)",956947
3,"(260, 286, 963)",955600
3,"(340, 948, 270)",954434
3,"(298, 273, 371)",954265
3,"(288, 411, 959)",952694
3,"(721, 316, 946)",952596
3,"(285, 437, 267)",950998
3,"(264, 335, 957)",950369
3,"(942, 990, 270)",944437
3,"(273, 945, 951)",942227
3,"(328, 940, 338)",942156
3,"(949, 943, 335)",938144
3,"(386, 910, 527)",937781
3,"(640, 295, 284)",937126
3,"(268, 427, 461)",933572
3,"(943, 948, 945)",933209
3,"(362, 328, 940)",932334
3,"(269, 297, 279)",923845
3,"(373, 804, 509)",921116
3,"(285, 952, 951)",919061
3,"(353, 988, 946)",917653
3,"(587, 286, 409)",916955
3,"(288, 467, 276)",916921
3,"(282, 847, 845)",915780
3,"(326, 955, 262)",914326
3,"(960, 704, 271)",912798
3,"(311, 371, 897)",911448
3,"(277, 427, 333)",910735
3,"(274, 787, 430)",908063
3,"(310, 296, 957)",907512
3,"(357, 264, 335)",904540
3,"(944, 414, 940)",904283
3,"(962, 710, 280)",898779
3,"(403, 945, 955)",897936
3,"(450, 943, 948)",897899
3,"(274, 601, 499)",897743
3,"(288, 942, 990)",895848
3,"(960, 349, 339)",892982
3,"(311, 961, 722)",891927
3,"(398, 338, 286)",891183
3,"(274, 444, 285)",890861
3,"(421, 528, 292)",889350
3,"(961, 347, 265)",887631
3,"(542, 307, 949)",886502
3,"(277, 934, 280)",886146
3,"(329, 340, 299)",884264
3,"(293, 315, 508)",871750
3,"(945, 877, 957)",869577
3,"(960, 617, 323)",868683
3,"(876, 988, 941)",864145
3,"(283, 738, 358)",863685
3,"(288, 333, 295)",863480
3,"(274, 294, 289)",861769
3,"(960, 965, 960)",861469
3,"(939, 285, 952)",860293
3,"(261, 340, 948)",858773
3,"(304, 327, 292)",855244
3,"(760, 952, 491)",853390
3,"(274, 264, 381)",852038
3,"(976, 970, 976)",850954
3,"(946, 292, 267)",850790
3,"(311, 414, 944)",850270
3,"(782, 322, 266)",846257
3,"(960, 302, 943)",845695
3,"(279, 266, 286)",842280
3,"(900, 307, 946)",841092
3,"(642, 280, 287)",840902
3,"(953, 940, 272)",839803
3,"(951, 333, 946)",839549
3,"(318, 945, 955)",835736
3,"(318, 983, 264)",835677
3,"(288, 355, 299)",834759
3,"(288, 671, 461)",830141
3,"(277, 301, 953)",822713
3,"(300, 650, 941)",821215
3,"(426, 862, 391)",821148
3,"(311, 941, 784)",821010
3,"(435, 289, 537)",820893
3,"(960, 352, 371)",820797
3,"(480, 276, 945)",820310
3,"(613, 295, 892)",815473
3,"(326, 942, 340)",810075
3,"(656, 951, 811)",809893
3,"(939, 995, 970)",803996
3,"(347, 265, 391)",800427
3,"(960, 564, 983)",799549
3,"(951, 405, 959)",799177
3,"(277, 340, 410)",799051
3,"(377, 380, 279)",798969
3,"(946, 291, 267)",794379
3,"(260, 957, 954)",793981
3,"(413, 459, 943)",792070
3,"(392, 441, 875)",788063
3,"(386, 332, 262)",784436
3,"(341, 947, 520)",783121
3,"(311, 414, 553)",782220
3,"(288, 466, 334)",782015
3,"(408, 700, 294)",777940
3,"(907, 429, 946)",775919
3,"(298, 378, 946)",774859
3,"(261, 304, 685)",772513
3,"(282, 271, 944)",771683
3,"(310, 951, 265)",771110
3,"(478, 960, 965)",770450
3,"(960, 317, 565)",768493
3,"(310, 289, 320)",767348
3,"(505, 364, 769)",764621
3,"(939, 972, 1003)",762726
3,"(298, 421, 284)",761921
3,"(939, 972, 998)",761720
3,"(590, 951, 303)",758133
3,"(315, 948, 466)",756985
3,"(949, 278, 703)",756592
3,"(626, 941, 295)",755701
3,"(413, 289, 944)",754079
3,"(293, 334, 944)",752243
3,"(506, 961, 347)",749683
3,"(939, 972, 994)",748945
3,"(435, 444, 279)",744861
3,"(616, 951, 333)",737226
3,"(947, 381, 955)",735240
3,"(960, 317, 941)",733428
3,"(282, 405, 961)",732924
3,"(753, 419, 499)",731451
3,"(269, 286, 963)",729588
3,"(282, 343, 350)",729385
3,"(314, 456, 279)",726508
3,"(378, 951, 276)",726069
3,"(939, 976, 995)",724363
3,"(314, 330, 276)",724274
3,"(731, 429, 280)",723009
3,"(309, 988, 953)",721129
3,"(908, 340, 276)",721006
3,"(267, 939, 972)",719622
3,"(414, 944, 473)",719430
3,"(260, 942, 974)",718085
3,"(983, 946, 261)",716264
3,"(271, 343, 286)",715144
3,"(311, 351, 456)",712754
3,"(939, 972, 960)",712278
3,"(274, 294, 284)",710535
3,"(266, 955, 957)",710157
3,"(426, 956, 262)",708693
3,"(352, 264, 370)",708338
3,"(382, 299, 286)",706879
3,"(587, 388, 299)",706328
3,"(309, 300, 630)",706231
3,"(960, 708, 432)",704289
3,"(268, 329, 340)",704001
3,"(334, 961, 276)",703606
3,"(581, 954, 701)",701570
3,"(268, 280, 294)",701465
3,"(423, 792, 320)",698976
3,"(488, 284, 431)",698226
3,"(288, 315, 948)",697594
3,"(308, 275, 340)",697118
3,"(518, 942, 336)",696931
3,"(282, 329, 295)",693943
3,"(297, 953, 940)",691199
3,"(951, 405, 498)",691041
3,"(960, 317, 669)",689560
3,"(277, 944, 334)",689028
3,"(946, 334, 961)",687943
3,"(281, 264, 467)",687923
3,"(939, 972, 1008)",687465
3,"(315, 958, 865)",686172
3,"(622, 297, 953)",686030
3,"(949, 441, 305)",685675
3,"(336, 954, 294)",685460
3,"(960, 412, 343)",684885
3,"(506, 266, 955)",683891
3,"(323, 946, 937)",683693
3,"(403, 952, 307)",682552
3,"(419, 297, 356)",681310
3,"(581, 572, 946)",680149
3,"(288, 285, 547)",680002
3,"(384, 568, 316)",679308
3,"(311, 954, 448)",678230
3,"(956, 771, 417)",677856
3,"(282, 329, 275)",675778
3,"(682, 951, 405)",673161
3,"(268, 963, 355)",668626
3,"(282, 327, 303)",668112
3,"(312, 271, 343)",667808
3,"(298, 404, 683)",667731
3,"(270, 954, 270)",666725
3,"(267, 310, 272)",666277
3,"(610, 429, 280)",665965
3,"(587, 388, 492)",665295
3,"(341, 436, 445)",664883
3,"(327, 303, 461)",664836
3,"(970, 972, 976)",663968
3,"(955, 955, 388)",662839
3,"(336, 954, 320)",662036
3,"(314, 347, 949)",661967
3,"(298, 286, 956)",661814
3,"(288, 430, 941)",660051
3,"(939, 976, 998)",658230
3,"(292, 267, 274)",657430
3,"(945, 955, 949)",657364
3,"(293, 838, 267)",657078
3,"(740, 628, 280)",655420
3,"(942, 340, 374)",653710
3,"(852, 329, 961)",652096
3,"(276, 423, 792)",651755
3,"(340, 374, 359)",651631
3,"(298, 406, 940)",650521
3,"(822, 307, 305)",649683
3,"(557, 271, 806)",649595
3,"(949, 285, 376)",649384
3,"(590, 944, 466)",649363
3,"(268, 266, 431)",648497
3,"(960, 502, 966)",648227
3,"(336, 301, 289)",647330
3,"(939, 976, 960)",645965
3,"(277, 343, 510)",645840
3,"(413, 286, 559)",643096
3,"(392, 441, 272)",642589
3,"(837, 588, 850)",641866
3,"(264, 953, 940)",641353
3,"(952, 307, 423)",641087
3,"(269, 271, 350)",639964
3,"(260, 957, 423)",638856
3,"(276, 960, 352)",638004
3,"(939, 459, 942)",637390
3,"(357, 953, 453)",637361
3,"(367, 468, 316)",637298
3,"(939, 1018, 952)",636918
3,"(970, 972, 994)",635291
3,"(454, 955, 955)",635184
3,"(310, 275, 389)",634899
3,"(586, 295, 944)",633457
3,"(310, 586, 399)",632179
3,"(384, 951, 266)",631355
3,"(268, 550, 811)",630612
3,"(312, 315, 958)",630488
3,"(383, 449, 451)",629986
3,"(941, 941, 954)",629540
3,"(341, 947, 381)",628527
3,"(707, 958, 494)",628158
3,"(962, 318, 432)",626891
3,"(413, 289, 725)",626635
3,"(959, 393, 320)",626495
3,"(267, 939, 976)",626321
3,"(941, 295, 294)",625234
3,"(291, 267, 288)",624949
3,"(367, 959, 393)",624372
3,"(282, 494, 440)",622641
3,"(789, 262, 280)",620879
3,"(953, 762, 299)",620481
3,"(310, 764, 947)",619144
3,"(987, 1010, 1010)",618737
3,"(939, 276, 423)",617437
3,"(471, 943, 262)",617196
3,"(480, 276, 446)",616863
3,"(956, 295, 572)",616562
3,"(958, 958, 960)",614455
3,"(563, 949, 278)",612690
3,"(558, 479, 391)",612479
3,"(267, 396, 757)",611363
3,"(613, 295, 487)",610206
3,"(960, 486, 267)",609703
3,"(329, 961, 285)",607916
3,"(590, 599, 551)",607766
3,"(954, 448, 303)",607759
3,"(285, 287, 267)",607541
3,"(277, 614, 270)",606977
3,"(260, 467, 279)",606241
3,"(260, 499, 280)",606056
3,"(960, 412, 568)",605937
3,"(312, 265, 968)",605286
3,"(292, 267, 282)",604927
3,"(688, 940, 338)",603672
3,"(826, 956, 295)",603360
3,"(550, 811, 415)",602982
3,"(289, 537, 266)",602824
3,"(553, 316, 270)",601373
3,"(780, 944, 778)",601035
3,"(282, 563, 949)",600538
3,"(351, 456, 285)",599824
3,"(274, 273, 954)",598322
3,"(705, 322, 276)",596750
3,"(890, 953, 946)",596354
3,"(542, 262, 952)",595025
3,"(286, 963, 280)",593624
3,"(268, 275, 952)",593454
3,"(405, 961, 381)",592675
3,"(313, 365, 948)",591299
3,"(300, 347, 950)",591247
3,"(972, 1000, 1002)",590881
3,"(274, 347, 951)",590569
3,"(282, 824, 946)",589364
3,"(949, 645, 286)",588420
3,"(366, 963, 285)",588264
3,"(833, 691, 461)",587990
3,"(962, 353, 323)",587696
3,"(904, 512, 865)",586568
3,"(538, 643, 940)",586541
3,"(341, 942, 586)",586388
3,"(554, 295, 461)",586311
3,"(281, 809, 325)",585190
3,"(939, 998, 970)",584844
3,"(945, 273, 945)",584796
3,"(280, 287, 267)",584254
3,"(940, 951, 340)",583993
3,"(960, 564, 420)",583908
3,"(329, 295, 957)",583712
3,"(310, 949, 371)",583648
3,"(418, 278, 963)",582798
3,"(293, 427, 952)",582760
3,"(349, 270, 401)",582594
3,"(304, 456, 280)",580891
3,"(360, 946, 958)",580450
3,"(419, 297, 266)",578946
3,"(326, 455, 294)",578382
3,"(397, 399, 948)",578166
3,"(584, 315, 280)",577544
3,"(418, 271, 389)",577505
3,"(308, 436, 280)",577351
3,"(282, 438, 619)",576982
3,"(951, 266, 945)",576147
3,"(323, 946, 559)",575949
3,"(277, 943, 327)",575060
3,"(230, 132, 166)",575023
3,"(332, 262, 286)",574514
3,"(322, 945, 983)",573778
3,"(442, 285, 287)",573411
3,"(970, 962, 970)",573303
3,"(402, 946, 867)",572995
3,"(261, 730, 267)",571735
3,"(481, 504, 292)",570312
3,"(317, 950, 950)",570068
3,"(287, 810, 585)",569911
3,"(542, 262, 559)",569660
3,"(291, 267, 274)",568772
3,"(528, 939, 976)",568601
3,"(293, 315, 911)",567686
3,"(315, 508, 946)",566183
3,"(288, 271, 372)",565623
3,"(363, 947, 297)",565589
3,"(939, 976, 972)",565567
3,"(960, 337, 957)",565454
3,"(960, 704, 593)",565371
3,"(269, 856, 280)",564656
3,"(552, 944, 414)",564310
3,"(282, 343, 954)",563587
3,"(282, 438, 275)",562989
3,"(269, 942, 275)",562282
3,"(282, 406, 892)",562105
3,"(970, 972, 998)",561729
3,"(332, 275, 286)",561251
3,"(960, 313, 443)",560566
3,"(268, 527, 940)",559106
3,"(367, 485, 851)",558967
3,"(326, 948, 504)",558575
3,"(458, 950, 946)",558115
3,"(276, 962, 290)",557467
3,"(970, 972, 972)",557415
3,"(653, 941, 851)",556597
3,"(291, 956, 949)",556533
3,"(268, 336, 301)",555343
3,"(292, 267, 939)",554979
3,"(315, 336, 276)",554825
3,"(705, 322, 285)",554583
3,"(269, 606, 266)",554267
3,"(261, 350, 441)",553351
3,"(388, 393, 949)",552923
3,"(900, 351, 498)",552550
3,"(310, 961, 608)",551805
3,"(658, 642, 280)",551777
3,"(953, 528, 939)",550986
3,"(293, 559, 287)",550322
3,"(297, 315, 336)",550268
3,"(343, 726, 320)",549158
3,"(549, 264, 543)",548797
3,"(653, 961, 725)",548480
3,"(304, 289, 955)",547920
3,"(970, 972, 970)",547292
3,"(99, 99, 99)",547156
3,"(267, 287, 954)",544850
3,"(738, 358, 409)",544708
3,"(408, 941, 364)",544521
3,"(952, 956, 537)",544296
3,"(283, 498, 492)",544146
3,"(987, 939, 972)",544092
3,"(958, 263, 264)",543892
3,"(360, 945, 273)",543808
3,"(953, 285, 944)",543344
3,"(953, 262, 404)",542089
3,"(454, 959, 781)",540940
3,"(292, 267, 268)",540021
3,"(268, 963, 262)",539530
3,"(268, 433, 266)",538517
3,"(260, 467, 276)",538490
3,"(962, 368, 593)",538184
3,"(499, 280, 287)",537959
3,"(291, 267, 277)",537530
3,"(292, 939, 972)",536995
3,"(564, 988, 946)",536728
3,"(292, 267, 288)",536505
3,"(952, 951, 342)",536180
3,"(281, 943, 445)",535793
3,"(317, 954, 947)",535573
3,"(858, 343, 409)",535170
3,"(314, 949, 645)",534925
3,"(651, 297, 327)",533981
3,"(970, 972, 1003)",533800
3,"(274, 942, 333)",533794
3,"(506, 946, 410)",533440
3,"(490, 946, 459)",533331
3,"(879, 427, 944)",532474
3,"(298, 941, 941)",531455
3,"(516, 382, 719)",531340
3,"(699, 358, 295)",530373
3,"(435, 686, 276)",529745
3,"(950, 266, 287)",529631
3,"(310, 272, 292)",528048
3,"(260, 562, 391)",527659
3,"(940, 294, 959)",527587
3,"(968, 957, 457)",527424
3,"(939, 388, 393)",526941
3,"(962, 596, 323)",526371
3,"(640, 295, 942)",526366
3,"(517, 707, 958)",525657
3,"(294, 959, 947)",525412
3,"(655, 316, 410)",524563
3,"(622, 505, 945)",523131
3,"(265, 983, 941)",522114
3,"(273, 954, 294)",521229
3,"(317, 952, 955)",521164
3,"(956, 315, 957)",520976
3,"(427, 944, 315)",520665
3,"(282, 942, 485)",520162
3,"(309, 983, 305)",519242
3,"(435, 375, 371)",518192
3,"(268, 921, 946)",518168
3,"(319, 303, 266)",517185
3,"(276, 945, 983)",517107
3,"(902, 530, 723)",516750
3,"(970, 972, 1008)",516554
3,"(939, 994, 960)",515944
3,"(995, 970, 970)",515524
3,"(298, 332, 389)",515329
3,"(281, 364, 272)",515277
3,"(267, 274, 601)",515237
3,"(342, 292, 267)",514896
3,"(265, 297, 295)",514371
3,"(432, 945, 327)",514156
3,"(277, 358, 567)",514096
3,"(720, 949, 285)",513638
3,"(285, 287, 326)",513072
3,"(274, 273, 945)",512213
3,"(438, 954, 275)",511966
3,"(271, 944, 608)",510894
3,"(285, 944, 381)",510814
3,"(288, 466, 266)",510730
3,"(506, 955, 469)",510416
3,"(706, 280, 321)",510373
3,"(885, 949, 943)",510243
3,"(289, 949, 944)",510096
3,"(274, 264, 521)",509978
3,"(954, 947, 301)",509621
3,"(970, 972, 995)",509477
3,"(466, 266, 945)",508971
3,"(798, 902, 530)",508760
3,"(442, 952, 491)",508578
3,"(449, 942, 305)",507586
3,"(385, 956, 399)",507239
3,"(494, 440, 946)",506595
3,"(430, 941, 430)",506575
3,"(408, 538, 430)",506439
3,"(418, 358, 673)",506241
3,"(481, 322, 946)",506165
3,"(385, 959, 262)",505509
3,"(557, 271, 410)",505213
3,"(288, 297, 303)",504727
3,"(947, 685, 279)",504550
3,"(288, 411, 528)",504126
3,"(346, 983, 946)",502913
3,"(261, 281, 275)",502540
3,"(939, 976, 976)",502401
3,"(269, 399, 948)",501111
3,"(375, 955, 294)",500980
3,"(398, 411, 946)",500560
3,"(262, 404, 947)",500459
3,"(963, 355, 946)",499445
3,"(274, 378, 941)",498632
3,"(506, 951, 273)",498478
3,"(281, 327, 941)",497544
3,"(293, 322, 446)",497512
3,"(311, 351, 417)",496062
3,"(542, 405, 959)",495473
3,"(289, 944, 315)",495432
3,"(314, 776, 429)",494282
3,"(317, 947, 941)",494268
3,"(311, 414, 388)",494257
3,"(292, 267, 277)",493538
3,"(292, 267, 281)",492783
3,"(310, 941, 951)",492751
3,"(940, 956, 870)",492538
3,"(561, 335, 619)",492333
3,"(715, 330, 946)",491792
3,"(319, 601, 957)",491213
3,"(280, 291, 267)",491076
3,"(450, 358, 940)",490835
3,"(288, 285, 611)",490747
3,"(304, 456, 276)",490198
3,"(449, 289, 673)",489077
3,"(408, 954, 620)",488897
3,"(960, 309, 983)",488722
3,"(449, 335, 356)",488405
3,"(329, 275, 611)",487451
3,"(287, 941, 286)",487073
3,"(571, 692, 342)",487072
3,"(444, 279, 955)",486588
3,"(344, 448, 866)",486461
3,"(312, 270, 953)",485793
3,"(264, 308, 285)",485679
3,"(571, 307, 560)",485323
3,"(404, 947, 342)",485241
3,"(299, 292, 267)",484981
3,"(268, 286, 276)",484027
3,"(939, 866, 374)",483793
3,"(282, 857, 476)",483485
3,"(432, 983, 941)",483324
3,"(314, 947, 335)",482601
3,"(960, 397, 328)",482429
3,"(268, 279, 371)",482140
3,"(626, 941, 404)",481935
3,"(960, 953, 960)",481738
3,"(970, 972, 1002)",481480
3,"(468, 272, 285)",481135
3,"(322, 950, 294)",480735
3,"(267, 282, 451)",480266
3,"(281, 943, 974)",479470
3,"(303, 947, 286)",479237
3,"(962, 495, 353)",479045
3,"(319, 284, 335)",478692
3,"(341, 655, 316)",478476
3,"(377, 380, 957)",478200
3,"(587, 546, 320)",478150
3,"(846, 278, 299)",477118
3,"(613, 292, 267)",476198
3,"(623, 946, 334)",475938
3,"(291, 267, 282)",475890
3,"(383, 468, 272)",475151
3,"(260, 405, 954)",474995
3,"(268, 957, 953)",474498
3,"(960, 397, 327)",474443
3,"(962, 290, 309)",474186
3,"(384, 308, 655)",474108
3,"(281, 483, 946)",473795
3,"(309, 293, 322)",473348
3,"(946, 958, 266)",473337
3,"(282, 405, 270)",472984
3,"(962, 353, 983)",470914
3,"(826, 482, 660)",469970
3,"(960, 939, 994)",469580
3,"(274, 473, 275)",469565
3,"(939, 667, 299)",469511
3,"(696, 619, 286)",469302
3,"(305, 948, 295)",469292
3,"(951, 273, 364)",469231
3,"(960, 625, 264)",467487
3,"(277, 347, 953)",467125
3,"(289, 945, 285)",467114
3,"(283, 959, 781)",467010
3,"(274, 940, 294)",466776
3,"(956, 949, 952)",466660
3,"(362, 273, 371)",466227
3,"(291, 267, 939)",465900
3,"(760, 456, 751)",465837
3,"(287, 326, 261)",465311
3,"(295, 944, 303)",464925
3,"(604, 292, 267)",464860
3,"(622, 303, 320)",464816
3,"(968, 959, 809)",464574
3,"(962, 366, 747)",464349
3,"(261, 340, 297)",463989
3,"(283, 498, 299)",463967
3,"(939, 305, 948)",463785
3,"(700, 942, 550)",463783
3,"(352, 264, 323)",463753
3,"(957, 954, 276)",463630
3,"(949, 944, 266)",463616
3,"(304, 686, 952)",463579
3,"(261, 956, 771)",462734
3,"(341, 957, 294)",462566
3,"(267, 798, 902)",462472
3,"(274, 270, 264)",461850
3,"(291, 267, 268)",461840
3,"(942, 993, 280)",461756
3,"(288, 572, 487)",460942
3,"(960, 317, 950)",460695
3,"(558, 952, 956)",460375
3,"(291, 386, 950)",460207
3,"(595, 307, 541)",460155
3,"(288, 270, 673)",459953
3,"(956, 771, 946)",459461
3,"(404, 947, 742)",459156
3,"(962, 454, 350)",458771
3,"(327, 505, 364)",458325
3,"(343, 954, 947)",458253
3,"(353, 411, 946)",457757
3,"(288, 419, 326)",457680
3,"(452, 271, 599)",457590
3,"(260, 911, 946)",457496
3,"(286, 922, 278)",457366
3,"(274, 296, 276)",457227
3,"(450, 952, 320)",455779
3,"(940, 423, 272)",455612
3,"(968, 941, 943)",455413
3,"(947, 322, 324)",454645
3,"(419, 947, 286)",453938
3,"(292, 939, 976)",453811
3,"(960, 397, 943)",453730
3,"(285, 266, 286)",453176
3,"(329, 340, 492)",452677
3,"(944, 778, 276)",452463
3,"(271, 983, 946)",452318
3,"(274, 494, 266)",452220
3,"(549, 264, 296)",451580
3,"(269, 297, 284)",451539
3,"(267, 277, 934)",451419
3,"(686, 952, 479)",450850
3,"(363, 947, 322)",450286
3,"(268, 343, 954)",450284
3,"(315, 957, 292)",449862
3,"(972, 1000, 1008)",449596
3,"(951, 949, 333)",449536
3,"(950, 275, 492)",449310
3,"(910, 527, 342)",448847
3,"(287, 274, 264)",448676
3,"(413, 944, 329)",448481
3,"(345, 262, 267)",448292
3,"(293, 405, 305)",448231
3,"(462, 954, 946)",447956
3,"(676, 942, 993)",447827
3,"(961, 722, 946)",447564
3,"(260, 289, 823)",446816
3,"(970, 970, 1000)",446655
3,"(363, 940, 959)",446549
3,"(614, 270, 509)",446488
3,"(496, 315, 280)",445071
3,"(310, 296, 777)",445048
3,"(270, 264, 316)",444905
3,"(378, 945, 286)",444301
3,"(960, 363, 947)",443088
3,"(962, 495, 309)",442463
3,"(955, 949, 644)",442407
3,"(293, 332, 275)",442406
3,"(427, 952, 391)",442165
3,"(523, 946, 867)",441754
3,"(627, 264, 279)",441041
3,"(449, 955, 286)",440700
3,"(384, 950, 275)",440511
3,"(545, 953, 285)",440484
3,"(319, 329, 294)",440010
3,"(268, 421, 640)",439967
3,"(601, 405, 276)",439794
3,"(304, 271, 388)",439450
3,"(956, 947, 295)",439112
3,"(952, 955, 419)",439081
3,"(435, 943, 476)",438989
3,"(449, 609, 946)",438617
3,"(946, 946, 267)",438060
3,"(268, 266, 725)",438016
3,"(264, 308, 280)",437421
3,"(484, 953, 262)",437312
3,"(498, 411, 528)",436761
3,"(942, 983, 946)",436301
3,"(348, 949, 460)",436215
3,"(343, 350, 543)",436022
3,"(291, 728, 808)",435956
3,"(280, 962, 290)",435619
3,"(304, 328, 266)",435610
3,"(302, 940, 350)",434955
3,"(518, 944, 608)",434890
3,"(291, 468, 715)",434123
3,"(287, 939, 972)",434117
3,"(740, 301, 941)",434102
3,"(284, 952, 589)",433526
3,"(962, 688, 940)",433153
3,"(504, 328, 946)",432930
3,"(946, 427, 944)",432660
3,"(960, 576, 966)",431530
3,"(952, 464, 941)",431357
3,"(316, 943, 528)",431262
3,"(941, 264, 953)",431083
3,"(293, 364, 958)",430792
3,"(438, 275, 417)",430721
3,"(988, 946, 261)",430315
3,"(396, 861, 589)",430235
3,"(463, 328, 946)",430033
3,"(507, 664, 939)",429919
3,"(304, 942, 358)",429862
3,"(276, 291, 267)",429712
3,"(946, 960, 317)",429685
3,"(293, 411, 436)",429559
3,"(351, 498, 299)",429459
3,"(970, 970, 1002)",429314
3,"(844, 411, 528)",429112
3,"(918, 303, 299)",428819
3,"(293, 655, 955)",428624
3,"(917, 940, 335)",428305
3,"(267, 488, 803)",428043
3,"(361, 553, 316)",427147
3,"(361, 947, 960)",426956
3,"(367, 781, 946)",426865
3,"(287, 705, 459)",426809
3,"(749, 279, 267)",426523
3,"(572, 487, 294)",426493
3,"(939, 976, 994)",426345
3,"(382, 303, 461)",425899
3,"(291, 372, 961)",425677
3,"(408, 941, 264)",425365
3,"(317, 419, 947)",425203
3,"(846, 322, 285)",424980
3,"(304, 768, 960)",424537
3,"(948, 582, 946)",424529
3,"(277, 334, 941)",424471
3,"(268, 343, 956)",424046
3,"(308, 655, 567)",423930
3,"(274, 453, 946)",423913
3,"(274, 601, 405)",423356
3,"(954, 275, 286)",423320
3,"(939, 1003, 970)",422892
3,"(288, 271, 350)",422243
3,"(939, 972, 962)",422128
3,"(956, 262, 509)",422069
3,"(404, 405, 959)",421896
3,"(268, 867, 968)",421480
3,"(271, 456, 276)",421316
3,"(744, 946, 427)",421155
3,"(281, 332, 955)",421148
3,"(277, 448, 948)",421128
3,"(531, 959, 483)",420284
3,"(372, 961, 722)",420253
3,"(906, 943, 322)",419899
3,"(288, 303, 299)",419075
3,"(283, 516, 343)",419072
3,"(285, 960, 352)",418731
3,"(280, 325, 267)",418378
3,"(946, 287, 326)",418130
3,"(317, 956, 947)",418106
3,"(281, 284, 963)",417769
3,"(959, 943, 445)",417714
3,"(700, 294, 962)",417141
3,"(287, 314, 417)",416918
3,"(269, 947, 685)",416853
3,"(361, 585, 416)",416362
3,"(960, 564, 988)",416342
3,"(310, 586, 295)",415553
3,"(435, 289, 955)",414564
3,"(972, 962, 939)",414372
3,"(582, 275, 286)",414222
3,"(939, 459, 296)",414024
3,"(400, 375, 955)",413961
3,"(310, 957, 276)",413457
3,"(945, 951, 301)",413351
3,"(960, 352, 274)",413155
3,"(960, 348, 957)",413143
3,"(918, 411, 498)",412916
3,"(274, 700, 942)",412614
3,"(271, 350, 280)",412408
3,"(267, 314, 526)",412043
3,"(318, 741, 287)",411443
3,"(271, 343, 666)",411150
3,"(450, 284, 952)",410942
3,"(281, 296, 295)",410900
3,"(449, 335, 280)",410810
3,"(298, 952, 376)",410666
3,"(766, 498, 411)",410563
3,"(360, 286, 922)",410424
3,"(541, 951, 285)",410400
3,"(947, 335, 952)",410125
3,"(423, 272, 303)",410095
3,"(942, 343, 415)",409961
3,"(357, 520, 345)",409959
3,"(964, 948, 278)",409957
3,"(671, 461, 946)",409778
3,"(852, 388, 332)",409727
3,"(269, 947, 509)",409681
3,"(408, 940, 951)",409679
3,"(962, 290, 261)",408875
3,"(287, 268, 324)",408860
3,"(337, 947, 960)",408801
3,"(488, 340, 266)",408498
3,"(941, 954, 987)",408293
3,"(408, 951, 465)",408129
3,"(524, 956, 315)",408056
3,"(313, 271, 343)",408036
3,"(585, 416, 391)",407790
3,"(395, 939, 972)",407254
3,"(966, 985, 989)",407216
3,"(939, 382, 303)",406836
3,"(961, 725, 320)",406692
3,"(271, 941, 294)",406393
3,"(954, 987, 1010)",406342
3,"(293, 947, 630)",405886
3,"(412, 316, 943)",405745
3,"(269, 947, 520)",405727
3,"(294, 468, 320)",405702
3,"(336, 946, 867)",405606
3,"(594, 953, 528)",405401
3,"(405, 498, 299)",405219
3,"(960, 352, 288)",405146
3,"(939, 998, 960)",405061
3,"(260, 273, 350)",404990
3,"(261, 818, 444)",404924
3,"(280, 960, 352)",404631
3,"(414, 487, 391)",404341
3,"(300, 638, 556)",404314
3,"(960, 352, 945)",403357
3,"(398, 954, 289)",402432
3,"(270, 953, 286)",402267
3,"(274, 307, 946)",402194
3,"(408, 351, 498)",401613
3,"(972, 970, 960)",401362
3,"(288, 289, 405)",401283
3,"(916, 343, 551)",401226
3,"(658, 382, 287)",400645
3,"(341, 660, 955)",400426
3,"(960, 352, 277)",400246
3,"(309, 946, 949)",400104
3,"(970, 970, 962)",399956
3,"(946, 960, 313)",399558
3,"(311, 631, 285)",398739
3,"(314, 942, 305)",398559
3,"(322, 711, 946)",398373
3,"(553, 316, 320)",398319
3,"(581, 378, 951)",398211
3,"(532, 331, 389)",398172
3,"(954, 265, 371)",397552
3,"(941, 943, 968)",397326
3,"(314, 456, 276)",397222
3,"(960, 352, 268)",396984
3,"(282, 329, 476)",396800
3,"(322, 945, 988)",396777
3,"(318, 988, 264)",396643
3,"(960, 502, 977)",396226
3,"(268, 324, 280)",395627
3,"(276, 292, 267)",395441
3,"(335, 619, 286)",395408
3,"(427, 944, 342)",394375
3,"(367, 954, 438)",393715
3,"(275, 952, 342)",393699
3,"(948, 614, 944)",393625
3,"(741, 285, 287)",393526
3,"(676, 601, 292)",393363
3,"(970, 976, 970)",393250
3,"(351, 953, 528)",393220
3,"(961, 322, 612)",393111
3,"(970, 972, 1000)",392817
3,"(293, 508, 957)",392743
3,"(486, 728, 808)",392701
3,"(960, 362, 278)",392671
3,"(667, 409, 292)",392551
3,"(960, 270, 955)",392510
3,"(300, 630, 280)",392185
3,"(304, 404, 279)",392098
3,"(288, 652, 441)",392075
3,"(267, 858, 606)",391828
3,"(307, 954, 405)",391461
3,"(307, 961, 285)",391330
3,"(951, 465, 303)",391327
3,"(705, 322, 280)",391080
3,"(947, 265, 295)",390792
3,"(319, 286, 374)",390603
3,"(962, 310, 941)",390559
3,"(960, 352, 282)",390376
3,"(426, 423, 272)",389968
3,"(337, 324, 939)",389912
3,"(287, 329, 946)",389618
3,"(400, 279, 266)",389581
